{
  "title": "Start Trip Form",
  "visibility": "All",
  "expiry": 4070908800000,
  "isAnonymous": false,
  "isResponseAppended": true,
  "isLocationRequested": false,
  "questions": [
    {
      "title": "Vehicle Registration",
      "type": "Text"
    },
    {
      "title": "Extent Damage",
      "type": "Text"
    },
    {
      "title": "comments",
      "type": "Text"
    },
    {
      "title": "Accident Date",
      "type": "Date"
    },
    {
      "title": "Accident Time",
      "type": "Text"
    },
    {
      "title": "Name",
      "type": "Text"
    },
    {
      "title": "Phone No",
      "type": "Text"
    },
    {
      "title": "Location",
      "type": "Location"
    },
    {
      "title": "Response Time",
      "type": "DateTime"
    }
  ]
}
