{
  "title": "Vehicle Check",
  "visibility": "All",
  "expiry": 4070908800000,
  "isAnonymous": false,
  "isResponseAppended": true,
  "isLocationRequested": false,
  "questions": [
    {
      "title": "Vehicle Registration",
      "type": "Text"
    },
    {
      "title": "Trip Date",
      "type": "Date"
    },
    {
      "title": "Oil Levels",
      "type": "Text"
    },
    {
      "title": "Radiator Fluid",
      "type": "Text"
    },
    {
      "title": "Clutch Brake Fluid",
      "type": "Text"
    },
    {
      "title": "Fan Belt",
      "type": "Text"
    },
    {
      "title": "Exhaust Pipe",
      "type": "Text"
    },
    {
      "title": "Fuel Tank",
      "type": "Text"
    },
    {
      "title": "Headlights",
      "type": "Text"
    },
    {
      "title": "Sidelights",
      "type": "Text"
    },
    {
      "title": "Indicator Brake Lights",
      "type": "Text"
    },
    {
      "title": "Plate Lights",
      "type": "Text"
    },
    {
      "title": "Windscreen",
      "type": "Text"
    },
    {
      "title": "Side Mirrors",
      "type": "Text"
    },
    {
      "title": "Rear View Mirrors",
      "type": "Text"
    },
    {
      "title": "Pressure",
      "type": "Text"
    },
    {
      "title": "Tread",
      "type": "Text"
    },
    {
      "title": "Spare Wheel",
      "type": "Text"
    },
    {
      "title": "Jack Spanner",
      "type": "Text"
    },
    {
      "title": "First Aid Kit",
      "type": "Text"
    },
    {
      "title": "Triangles",
      "type": "Text"
    },
    {
      "title": "Extinguisher",
      "type": "Text"
    },
    {
      "title": "Radio",
      "type": "Text"
    },
    {
      "title": "Name",
      "type": "Text"
    },
    {
      "title": "Phone No",
      "type": "Text"
    },
    {
      "title": "Location",
      "type": "Location"
    },
    {
      "title": "Response Time",
      "type": "DateTime"
    }
  ]
}
