{
  "strMiniAppTitle": "Vehicle Register and Initial Check",
  "Vehicle Registration": "Vehicle Registration",
  "Trip Date": "Trip Date",
  "strTapToEnter": "Good/Faulty, comment",
  "Oil Levels": "Oil Levels",
  "Radiator Fluid": "Radiator Fluid",
  "Clutch Brake Fluid": "Clutch Brake Fluid",
  "Fan Belt": "Fan Belt",
  "Exhaust Pipe": "Exhaust Pipe",
  "Fuel Tank": "Fuel Tank",
  "Headlights": "Headlights",
  "Sidelights": "Sidelights",
  "Indicator Brake Lights": "Indicator Brake Lights",
  "Plate Lights": "Plate Lights",
  "Windscreen": "Windscreen",
  "Side Mirrors": "Side Mirrors",
  "Rear View Mirrors": "Rear View Mirrors",
  "Pressure": "Pressure",
  "Tread": "Tread",
  "Spare Wheel": "Spare Wheel",
  "Jack Spanner": "Jack Spanner",
  "First Aid Kit": "First Aid Kit",
  "Triangles": "Triangles",
  "Extinguisher": "Extinguisher",
  "Radio": "Radio",
  "Name": "Name",
  "Phone No": "Phone Number",
  "Location": "Location",
  "strEnterVehicleRegistration":" Vehicle registration",
  "strTripDate": "Vehicle trip date",
  "strSelectYourResponse": "Select your reponse",
  "strMiniAppYourDetails": "Your Details",
  "strNoLocationLabel": "Due to poor network connectivity, your location could not be fetched",
  "strRefreshLabel": "REFRESH",
  "strMiniAppLocationNetworkWarningLabel": "Due to poor network connectivity, your location map could not be fetched. Your location co-ordinates will be shared instead",
  "strMiniAppLoadingLabel": "Please wait while we are trying to fetch your location",
  "strNoLocationAlertLabel": "Location not found. Please ensure that you have turned on location services and provided Kaizala the location permission. Tap on refresh below to try fetching location again",
  "strProgressTextLabel": "{0} of {1}",
  "strConnectGroupName": "Need To change",
  "strMiniAppHeaderTimeLabel": "Created by you at {0}",
  "strSendResponseLabel": "SUBMIT"
}
